gene_id	gene_symbol	description	scientific_name	common_name	tax_id	genomic_range	orientation	location	gene_type	transcript_accession	transcript_name	transcript_length	transcript_cds_coords	protein_accession	isoform_name	protein_length	protein_name
596	BCL2	BCL2 apoptosis regulator	Homo sapiens	human	9606	NC_000018.10:63123346-63320090;NC_060942.1:63326497-63524830	-;-	chr 18	PROTEIN_CODING	XM_047437733.1	transcript variant X1	7423	XM_047437733.1:1425-2144	XP_047293689.1	isoform X1	239	apoptosis regulator Bcl-2
596	BCL2	BCL2 apoptosis regulator	Homo sapiens	human	9606	NC_000018.10:63123346-63320090;NC_060942.1:63326497-63524830	-;-	chr 18	PROTEIN_CODING	NM_000633.3	transcript variant alpha	6881	NM_000633.3:883-1602	NP_000624.2	isoform alpha	239	apoptosis regulator Bcl-2
596	BCL2	BCL2 apoptosis regulator	Homo sapiens	human	9606	NC_000018.10:63123346-63320090;NC_060942.1:63326497-63524830	-;-	chr 18	PROTEIN_CODING	XM_047437734.1	transcript variant X4	2244	XM_047437734.1:1425-2021	XP_047293690.1	isoform X3	198	apoptosis regulator Bcl-2
596	BCL2	BCL2 apoptosis regulator	Homo sapiens	human	9606	NC_000018.10:63123346-63320090;NC_060942.1:63326497-63524830	-;-	chr 18	PROTEIN_CODING	XM_017025917.3	transcript variant X3	1702	XM_017025917.3:883-1479	XP_016881406.1	isoform X3	198	apoptosis regulator Bcl-2
596	BCL2	BCL2 apoptosis regulator	Homo sapiens	human	9606	NC_000018.10:63123346-63320090;NC_060942.1:63326497-63524830	-;-	chr 18	PROTEIN_CODING	XM_011526135.4	transcript variant X2	2984	XM_011526135.4:1425-2099	XP_011524437.1	isoform X2	224	apoptosis regulator Bcl-2
596	BCL2	BCL2 apoptosis regulator	Homo sapiens	human	9606	NC_000018.10:63123346-63320090;NC_060942.1:63326497-63524830	-;-	chr 18	PROTEIN_CODING	NM_000657.3	transcript variant beta	1595	NM_000657.3:883-1500	NP_000648.2	isoform beta	205	apoptosis regulator Bcl-2
